Organization,Followed On
Magnit,Wed Sep 21 01:06:16 UTC 2022
Biznovax Consultum (OPC) Pvt. Ltd.,Mon Jun 20 16:32:24 UTC 2022
Swiss Re Corporate Solutions,Tue Apr 19 04:53:56 UTC 2022
JPMorgan Chase & Co.,Tue Apr 19 04:53:52 UTC 2022
Cisco,Tue Sep 21 19:01:00 UTC 2021
Thermax Babcock & Wilcox Energy Solutions Private Limited,Sun Jul 18 09:06:11 UTC 2021
GitHub,Thu Jul 15 21:50:43 UTC 2021
Dell Technologies,Tue Feb 02 08:35:09 UTC 2021
Indian Institute of Science (IISc),Sun Jan 10 13:49:20 UTC 2021
"St. Mary's English High School, Jamshedpur",Wed Dec 30 20:06:32 UTC 2020
Global Academy Of Technology,Wed Dec 30 20:04:17 UTC 2020
Apptio,Fri Dec 18 20:45:43 UTC 2020
Tata Consultancy Services,Fri Dec 18 15:23:49 UTC 2020
KPMG India,Fri Dec 18 15:23:49 UTC 2020
Swiss Re,Tue Dec 15 17:31:43 UTC 2020
Fractal,Thu Sep 03 18:59:53 UTC 2020
All Active Jobs,Tue Aug 11 23:03:19 UTC 2020
The Job Man,Tue Aug 11 23:02:28 UTC 2020
Univ.AI,Tue Jul 21 20:12:56 UTC 2020
Vegalmedia,Wed Jul 15 11:21:54 UTC 2020
Vamstar,Wed Jul 15 10:57:05 UTC 2020
Pink Lemonade Communications,Mon Jul 13 09:09:31 UTC 2020
The Printers Mysore | Deccan Herald | Prajavani,Sun Jul 12 09:38:28 UTC 2020
Data as Services,Wed Jul 01 16:08:52 UTC 2020
Toppr,Wed Jun 24 17:07:05 UTC 2020
Leap,Wed Jun 24 17:05:28 UTC 2020
Regalix,Wed Jun 24 17:04:05 UTC 2020
HCL Software,Wed Jun 24 17:00:49 UTC 2020
Enrich,Fri Jun 19 03:38:36 UTC 2020
Indian Oil Corp Limited,Thu Jun 18 18:32:49 UTC 2020
Schindler India,Thu Jun 18 18:32:48 UTC 2020
GovtJobsAlert.In,Thu Jun 18 18:32:44 UTC 2020
Tata Group,Thu Jun 18 18:32:43 UTC 2020
JSW Steel,Thu Jun 18 18:32:42 UTC 2020
Infosys,Thu Jun 18 18:32:41 UTC 2020
Panasonic India,Sat Jun 13 10:02:24 UTC 2020
J.P. Morgan,Tue Jun 09 15:53:39 UTC 2020
Goldman Sachs,Tue Jun 09 15:53:31 UTC 2020
Cotiviti,Thu May 21 06:01:10 UTC 2020
Force Motors Ltd,Tue May 19 19:54:35 UTC 2020
Unacademy,Tue May 19 19:50:04 UTC 2020
Kellogg Company,Tue May 19 19:49:31 UTC 2020
Audi India,Tue May 19 19:49:29 UTC 2020
upGrad,Fri May 15 19:35:56 UTC 2020
Coursera,Fri May 15 19:35:43 UTC 2020
Simplilearn,Fri May 15 19:35:25 UTC 2020
Great Learning,Fri May 15 14:29:50 UTC 2020
Microland Limited,Sat Apr 18 22:50:04 UTC 2020
Siemens Technology India,Thu Apr 09 00:06:01 UTC 2020
Oracle,Sat Mar 28 03:08:50 UTC 2020
HARMAN Automotive,Fri Jan 31 21:51:41 UTC 2020
Bühler Group,Fri Jan 24 17:00:18 UTC 2020
ADP,Fri Jan 24 06:18:49 UTC 2020
HMD Global,Tue Jan 21 00:15:57 UTC 2020
BookMyShow,Mon Jan 20 20:17:35 UTC 2020
Shadowfax,Wed Jan 08 13:16:50 UTC 2020
PhonePe,Thu Dec 26 08:30:10 UTC 2019
Accelya Group,Mon Dec 16 12:38:06 UTC 2019
PwC India,Sun Nov 24 10:40:33 UTC 2019
Paytm,Sun Nov 24 10:39:02 UTC 2019
Genpact,Sun Nov 24 10:38:41 UTC 2019
Wipro,Tue Nov 19 20:57:27 UTC 2019
Stealth Mode Fintech Startup,Mon Nov 11 18:03:25 UTC 2019
EY,Mon Nov 11 18:03:15 UTC 2019
Tencent,Mon Nov 11 17:37:04 UTC 2019
Samsung Electronics,Fri Nov 08 23:11:27 UTC 2019
Adobe,Fri Nov 08 23:11:26 UTC 2019
GE,Fri Nov 08 23:11:08 UTC 2019
Deloitte,Fri Nov 08 23:10:45 UTC 2019
State Bank of India,Fri Nov 08 23:10:45 UTC 2019
PayPal,Thu Oct 31 15:55:30 UTC 2019
Posiflex Technology (India) Pvt. Ltd.,Thu Oct 31 15:54:32 UTC 2019
Northern Trust Corporation,Thu Oct 31 15:54:19 UTC 2019
Viacom18 Media Private Limited,Thu Oct 31 15:54:00 UTC 2019
Arrow Electronics,Thu Oct 31 15:52:30 UTC 2019
Deloitte India,Sat Oct 26 22:02:35 UTC 2019
Dassault Systèmes,Sun Oct 20 11:10:11 UTC 2019
Visvesvaraya Technological University,Wed Oct 16 21:11:55 UTC 2019
CATIA,Wed Oct 16 21:08:55 UTC 2019
Kennametal,Wed Oct 16 21:08:43 UTC 2019
Bosch Global Software Technologies,Wed Oct 16 17:28:42 UTC 2019
Deloitte India (Offices of the US),Sun Sep 22 11:37:34 UTC 2019
AMAZON DEVELOPMENT CENTRE (INDIA) PRIVATE LIMITED,Fri Aug 30 20:30:50 UTC 2019
Amazon Web Services (AWS),Fri Aug 09 10:42:11 UTC 2019
Globe Hire Services Private Limited,Wed Jul 31 04:42:56 UTC 2019
Spookfish Innovations,Wed Jul 10 09:59:07 UTC 2019
"Decision Resources Group, part of Clarivate",Tue Jul 09 05:02:55 UTC 2019
MDN Edify Education,Sun Jul 07 13:28:14 UTC 2019
Vee Technologies,Tue Jul 02 13:07:11 UTC 2019
Albacore Serviços e Comércio de Equipamentos,Mon Jul 01 06:34:36 UTC 2019
Harvard Business Review,Sun Jun 30 18:36:28 UTC 2019
NASA - National Aeronautics and Space Administration,Sun Jun 30 18:36:27 UTC 2019
SAAR,Sun Jun 30 14:50:18 UTC 2019
Accenture in India,Fri Jun 28 20:31:43 UTC 2019
Shell,Thu Jun 27 18:56:44 UTC 2019
ARYAN HR SOLUTIONS,Wed Jun 26 16:38:59 UTC 2019
Honeywell,Tue Jun 25 05:12:26 UTC 2019
Best Engineering Aids & Consultancies,Mon Jun 17 10:18:40 UTC 2019
Aayera,Mon Jun 10 14:24:42 UTC 2019