Customer Index,Customer Names
1,Avon Corp
2,WakeFern 
3,Elorac Corp
4,ETUDE Ltd
5,Procter Corp
6,PEDIFIX Corp
7,New Ltd
8,Medsep Group
9,Ei 
10,21st Ltd
11,Apollo Ltd
12,Medline 
13,Ole Group
14,Linde 
15,Rochester Ltd
16,3LAB Ltd
17,Pure Group
18,Eminence Corp
19,Qualitest 
20,Pacific Ltd
21,Ohio 
22,Capweld 
23,E. Ltd
24,Burt's Corp
25,Prasco Group
26,Mylan Corp
27,Wuxi Group
28,Dharma Ltd
29,Apotheca Ltd
30,S.S.S. Group
31,Uriel Group
32,OHTA'S Corp
33,Trigen 
34,OUR Ltd
35,Amylin Group
36,O.E. Ltd
37,AuroMedics Corp
38,Ascend Ltd
39,Victory Ltd
40,Select 
41,Weimei Corp
42,Llorens Ltd
43,Exact-Rx Corp
44,Winthrop 
45,Nipro 
46,U.S. Ltd
47,Niconovum Corp
48,Fenwal Corp
49,Bare 
50,Sundial 
